timestamp,virtual_ip,packet_size,sequence,response_time_ms,status,epoch_id,discovery_time
2025-08-12 18:16:11.693,Fast,64,1,timeout,failed,1,

1.073
2025-08-12 18:16:11.700,discovery,64,1,timeout,failed,1,

1.073
2025-08-12 18:16:11.707,(parallel,64,1,timeout,failed,1,

1.073
2025-08-12 18:16:11.712,scan)...,64,1,timeout,failed,1,

1.073
2025-08-12 18:16:11.717,Discovery,64,1,timeout,failed,1,

1.073
2025-08-12 18:16:11.723,completed,64,1,timeout,failed,1,

1.073
2025-08-12 18:16:11.729,in,64,1,timeout,failed,1,

1.073
2025-08-12 18:16:11.736,1.073s:,64,1,timeout,failed,1,

1.073
2025-08-12 18:16:11.741,10.10.1.27,64,1,3.774,success,1,

1.073
2025-08-12 18:16:11.752,10.10.1.36,64,1,3.613,success,1,

1.073
2025-08-12 18:16:11.763,10.10.1.43,64,1,3.781,success,1,

1.073
2025-08-12 18:16:11.774,10.10.1.27,64,1,3.792,success,1,

1.073
2025-08-12 18:16:11.785,10.10.1.36,64,1,3.644,success,1,

1.073
2025-08-12 18:16:11.797,10.10.1.43,64,1,3.706,success,1,

1.073
2025-08-12 18:16:11.910,Fast,256,1,timeout,failed,1,

1.073
2025-08-12 18:16:11.916,discovery,256,1,timeout,failed,1,

1.073
2025-08-12 18:16:11.922,(parallel,256,1,timeout,failed,1,

1.073
2025-08-12 18:16:11.928,scan)...,256,1,timeout,failed,1,

1.073
2025-08-12 18:16:11.933,Discovery,256,1,timeout,failed,1,

1.073
2025-08-12 18:16:11.940,completed,256,1,timeout,failed,1,

1.073
2025-08-12 18:16:11.946,in,256,1,timeout,failed,1,

1.073
2025-08-12 18:16:11.952,1.073s:,256,1,timeout,failed,1,

1.073
2025-08-12 18:16:11.958,10.10.1.27,256,1,4.028,success,1,

1.073
2025-08-12 18:16:11.969,10.10.1.36,256,1,4.054,success,1,

1.073
2025-08-12 18:16:11.980,10.10.1.43,256,1,4.018,success,1,

1.073
2025-08-12 18:16:11.992,10.10.1.27,256,1,3.996,success,1,

1.073
2025-08-12 18:16:12.003,10.10.1.36,256,1,4.424,success,1,

1.073
2025-08-12 18:16:12.014,10.10.1.43,256,1,4.115,success,1,

1.073
2025-08-12 18:16:12.127,Fast,512,1,timeout,failed,1,

1.073
2025-08-12 18:16:12.134,discovery,512,1,timeout,failed,1,

1.073
2025-08-12 18:16:12.140,(parallel,512,1,timeout,failed,1,

1.073
2025-08-12 18:16:12.145,scan)...,512,1,timeout,failed,1,

1.073
2025-08-12 18:16:12.150,Discovery,512,1,timeout,failed,1,

1.073
2025-08-12 18:16:12.157,completed,512,1,timeout,failed,1,

1.073
2025-08-12 18:16:12.163,in,512,1,timeout,failed,1,

1.073
2025-08-12 18:16:12.169,1.073s:,512,1,timeout,failed,1,

1.073
2025-08-12 18:16:12.174,10.10.1.27,512,1,3.732,success,1,

1.073
2025-08-12 18:16:12.185,10.10.1.36,512,1,4.182,success,1,

1.073
2025-08-12 18:16:12.197,10.10.1.43,512,1,4.060,success,1,

1.073
2025-08-12 18:16:12.208,10.10.1.27,512,1,4.140,success,1,

1.073
2025-08-12 18:16:12.220,10.10.1.36,512,1,4.056,success,1,

1.073
2025-08-12 18:16:12.231,10.10.1.43,512,1,4.041,success,1,

1.073
2025-08-12 18:16:36.462,Fast,64,1,timeout,failed,2,

1.075
2025-08-12 18:16:36.470,discovery,64,1,timeout,failed,2,

1.075
2025-08-12 18:16:36.476,(parallel,64,1,timeout,failed,2,

1.075
2025-08-12 18:16:36.481,scan)...,64,1,timeout,failed,2,

1.075
2025-08-12 18:16:36.486,Discovery,64,1,timeout,failed,2,

1.075
2025-08-12 18:16:36.493,completed,64,1,timeout,failed,2,

1.075
2025-08-12 18:16:36.499,in,64,1,timeout,failed,2,

1.075
2025-08-12 18:16:36.506,1.075s:,64,1,timeout,failed,2,

1.075
2025-08-12 18:16:36.511,10.10.1.21,64,1,3.711,success,2,

1.075
2025-08-12 18:16:36.522,10.10.1.41,64,1,3.777,success,2,

1.075
2025-08-12 18:16:36.533,10.10.1.44,64,1,3.690,success,2,

1.075
2025-08-12 18:16:36.544,10.10.1.21,64,1,3.720,success,2,

1.075
2025-08-12 18:16:36.555,10.10.1.41,64,1,3.687,success,2,

1.075
2025-08-12 18:16:36.566,10.10.1.44,64,1,3.769,success,2,

1.075
2025-08-12 18:16:36.679,Fast,256,1,timeout,failed,2,

1.075
2025-08-12 18:16:36.685,discovery,256,1,timeout,failed,2,

1.075
2025-08-12 18:16:36.691,(parallel,256,1,timeout,failed,2,

1.075
2025-08-12 18:16:36.696,scan)...,256,1,timeout,failed,2,

1.075
2025-08-12 18:16:36.702,Discovery,256,1,timeout,failed,2,

1.075
2025-08-12 18:16:36.708,completed,256,1,timeout,failed,2,

1.075
2025-08-12 18:16:36.714,in,256,1,timeout,failed,2,

1.075
2025-08-12 18:16:36.720,1.075s:,256,1,timeout,failed,2,

1.075
2025-08-12 18:16:36.726,10.10.1.21,256,1,4.061,success,2,

1.075
2025-08-12 18:16:36.737,10.10.1.41,256,1,4.024,success,2,

1.075
2025-08-12 18:16:36.748,10.10.1.44,256,1,3.993,success,2,

1.075
2025-08-12 18:16:36.760,10.10.1.21,256,1,4.186,success,2,

1.075
2025-08-12 18:16:36.771,10.10.1.41,256,1,3.833,success,2,

1.075
2025-08-12 18:16:36.782,10.10.1.44,256,1,3.923,success,2,

1.075
2025-08-12 18:16:36.895,Fast,512,1,timeout,failed,2,

1.075
2025-08-12 18:16:36.901,discovery,512,1,timeout,failed,2,

1.075
2025-08-12 18:16:36.908,(parallel,512,1,timeout,failed,2,

1.075
2025-08-12 18:16:36.913,scan)...,512,1,timeout,failed,2,

1.075
2025-08-12 18:16:36.918,Discovery,512,1,timeout,failed,2,

1.075
2025-08-12 18:16:36.925,completed,512,1,timeout,failed,2,

1.075
2025-08-12 18:16:36.931,in,512,1,timeout,failed,2,

1.075
2025-08-12 18:16:36.937,1.075s:,512,1,timeout,failed,2,

1.075
2025-08-12 18:16:36.942,10.10.1.21,512,1,3.997,success,2,

1.075
2025-08-12 18:16:36.954,10.10.1.41,512,1,4.208,success,2,

1.075
2025-08-12 18:16:36.965,10.10.1.44,512,1,4.251,success,2,

1.075
2025-08-12 18:16:36.977,10.10.1.21,512,1,3.985,success,2,

1.075
2025-08-12 18:16:36.988,10.10.1.41,512,1,3.986,success,2,

1.075
2025-08-12 18:16:36.999,10.10.1.44,512,1,3.634,success,2,

1.075
2025-08-12 18:17:01.229,Fast,64,1,timeout,failed,3,

1.075
2025-08-12 18:17:01.236,discovery,64,1,timeout,failed,3,

1.075
2025-08-12 18:17:01.242,(parallel,64,1,timeout,failed,3,

1.075
2025-08-12 18:17:01.248,scan)...,64,1,timeout,failed,3,

1.075
2025-08-12 18:17:01.253,Discovery,64,1,timeout,failed,3,

1.075
2025-08-12 18:17:01.259,completed,64,1,timeout,failed,3,

1.075
2025-08-12 18:17:01.266,in,64,1,timeout,failed,3,

1.075
2025-08-12 18:17:01.272,1.075s:,64,1,timeout,failed,3,

1.075
2025-08-12 18:17:01.277,10.10.1.26,64,1,3.817,success,3,

1.075
2025-08-12 18:17:01.289,10.10.1.31,64,1,3.862,success,3,

1.075
2025-08-12 18:17:01.300,10.10.1.46,64,1,3.582,success,3,

1.075
2025-08-12 18:17:01.311,10.10.1.26,64,1,3.795,success,3,

1.075
2025-08-12 18:17:01.322,10.10.1.31,64,1,3.726,success,3,

1.075
2025-08-12 18:17:01.333,10.10.1.46,64,1,3.699,success,3,

1.075
2025-08-12 18:17:01.446,Fast,256,1,timeout,failed,3,

1.075
2025-08-12 18:17:01.452,discovery,256,1,timeout,failed,3,

1.075
2025-08-12 18:17:01.459,(parallel,256,1,timeout,failed,3,

1.075
2025-08-12 18:17:01.464,scan)...,256,1,timeout,failed,3,

1.075
2025-08-12 18:17:01.469,Discovery,256,1,timeout,failed,3,

1.075
2025-08-12 18:17:01.475,completed,256,1,timeout,failed,3,

1.075
2025-08-12 18:17:01.486,in,256,1,timeout,failed,3,

1.075
2025-08-12 18:17:01.496,1.075s:,256,1,timeout,failed,3,

1.075
2025-08-12 18:17:01.501,10.10.1.26,256,1,4.100,success,3,

1.075
2025-08-12 18:17:01.513,10.10.1.31,256,1,4.400,success,3,

1.075
2025-08-12 18:17:01.525,10.10.1.46,256,1,3.998,success,3,

1.075
2025-08-12 18:17:01.536,10.10.1.26,256,1,4.147,success,3,

1.075
2025-08-12 18:17:01.547,10.10.1.31,256,1,4.020,success,3,

1.075
2025-08-12 18:17:01.559,10.10.1.46,256,1,4.278,success,3,

1.075
2025-08-12 18:17:01.672,Fast,512,1,timeout,failed,3,

1.075
2025-08-12 18:17:01.678,discovery,512,1,timeout,failed,3,

1.075
2025-08-12 18:17:01.685,(parallel,512,1,timeout,failed,3,

1.075
2025-08-12 18:17:01.690,scan)...,512,1,timeout,failed,3,

1.075
2025-08-12 18:17:01.695,Discovery,512,1,timeout,failed,3,

1.075
2025-08-12 18:17:01.702,completed,512,1,timeout,failed,3,

1.075
2025-08-12 18:17:01.708,in,512,1,timeout,failed,3,

1.075
2025-08-12 18:17:01.714,1.075s:,512,1,timeout,failed,3,

1.075
2025-08-12 18:17:01.719,10.10.1.26,512,1,3.860,success,3,

1.075
2025-08-12 18:17:01.731,10.10.1.31,512,1,3.545,success,3,

1.075
2025-08-12 18:17:01.742,10.10.1.46,512,1,3.650,success,3,

1.075
2025-08-12 18:17:01.753,10.10.1.26,512,1,3.798,success,3,

1.075
2025-08-12 18:17:01.764,10.10.1.31,512,1,4.034,success,3,

1.075
2025-08-12 18:17:01.776,10.10.1.46,512,1,4.179,success,3,

1.075
2025-08-12 18:17:26.007,Fast,64,1,timeout,failed,4,

1.075
2025-08-12 18:17:26.014,discovery,64,1,timeout,failed,4,

1.075
2025-08-12 18:17:26.020,(parallel,64,1,timeout,failed,4,

1.075
2025-08-12 18:17:26.025,scan)...,64,1,timeout,failed,4,

1.075
2025-08-12 18:17:26.031,Discovery,64,1,timeout,failed,4,

1.075
2025-08-12 18:17:26.037,completed,64,1,timeout,failed,4,

1.075
2025-08-12 18:17:26.044,in,64,1,timeout,failed,4,

1.075
2025-08-12 18:17:26.050,1.075s:,64,1,timeout,failed,4,

1.075
2025-08-12 18:17:26.055,10.10.1.28,64,1,3.757,success,4,

1.075
2025-08-12 18:17:26.066,10.10.1.21,64,1,3.817,success,4,

1.075
2025-08-12 18:17:26.077,10.10.1.40,64,1,3.830,success,4,

1.075
2025-08-12 18:17:26.089,10.10.1.28,64,1,3.652,success,4,

1.075
2025-08-12 18:17:26.100,10.10.1.21,64,1,3.725,success,4,

1.075
2025-08-12 18:17:26.111,10.10.1.40,64,1,3.780,success,4,

1.075
2025-08-12 18:17:26.223,Fast,256,1,timeout,failed,4,

1.075
2025-08-12 18:17:26.230,discovery,256,1,timeout,failed,4,

1.075
2025-08-12 18:17:26.236,(parallel,256,1,timeout,failed,4,

1.075
2025-08-12 18:17:26.241,scan)...,256,1,timeout,failed,4,

1.075
2025-08-12 18:17:26.247,Discovery,256,1,timeout,failed,4,

1.075
2025-08-12 18:17:26.253,completed,256,1,timeout,failed,4,

1.075
2025-08-12 18:17:26.259,in,256,1,timeout,failed,4,

1.075
2025-08-12 18:17:26.266,1.075s:,256,1,timeout,failed,4,

1.075
2025-08-12 18:17:26.271,10.10.1.28,256,1,4.028,success,4,

1.075
2025-08-12 18:17:26.283,10.10.1.21,256,1,4.047,success,4,

1.075
2025-08-12 18:17:26.294,10.10.1.40,256,1,4.032,success,4,

1.075
2025-08-12 18:17:26.306,10.10.1.28,256,1,4.076,success,4,

1.075
2025-08-12 18:17:26.318,10.10.1.21,256,1,3.707,success,4,

1.075
2025-08-12 18:17:26.329,10.10.1.40,256,1,4.349,success,4,

1.075
2025-08-12 18:17:26.442,Fast,512,1,timeout,failed,4,

1.075
2025-08-12 18:17:26.449,discovery,512,1,timeout,failed,4,

1.075
2025-08-12 18:17:26.455,(parallel,512,1,timeout,failed,4,

1.075
2025-08-12 18:17:26.460,scan)...,512,1,timeout,failed,4,

1.075
2025-08-12 18:17:26.466,Discovery,512,1,timeout,failed,4,

1.075
2025-08-12 18:17:26.472,completed,512,1,timeout,failed,4,

1.075
2025-08-12 18:17:26.478,in,512,1,timeout,failed,4,

1.075
2025-08-12 18:17:26.485,1.075s:,512,1,timeout,failed,4,

1.075
2025-08-12 18:17:26.490,10.10.1.28,512,1,4.054,success,4,

1.075
2025-08-12 18:17:26.501,10.10.1.21,512,1,4.083,success,4,

1.075
2025-08-12 18:17:26.513,10.10.1.40,512,1,4.012,success,4,

1.075
2025-08-12 18:17:26.524,10.10.1.28,512,1,4.079,success,4,

1.075
2025-08-12 18:17:26.536,10.10.1.21,512,1,4.061,success,4,

1.075
2025-08-12 18:17:26.547,10.10.1.40,512,1,4.028,success,4,

1.075
2025-08-12 18:17:50.780,Fast,64,1,timeout,failed,5,

1.077
2025-08-12 18:17:50.787,discovery,64,1,timeout,failed,5,

1.077
2025-08-12 18:17:50.793,(parallel,64,1,timeout,failed,5,

1.077
2025-08-12 18:17:50.799,scan)...,64,1,timeout,failed,5,

1.077
2025-08-12 18:17:50.805,Discovery,64,1,timeout,failed,5,

1.077
2025-08-12 18:17:50.811,completed,64,1,timeout,failed,5,

1.077
2025-08-12 18:17:50.817,in,64,1,timeout,failed,5,

1.077
2025-08-12 18:17:50.824,1.077s:,64,1,timeout,failed,5,

1.077
2025-08-12 18:17:50.829,10.10.1.28,64,1,3.970,success,5,

1.077
2025-08-12 18:17:50.840,10.10.1.21,64,1,3.551,success,5,

1.077
2025-08-12 18:17:50.851,10.10.1.40,64,1,3.792,success,5,

1.077
2025-08-12 18:17:50.863,10.10.1.28,64,1,3.731,success,5,

1.077
2025-08-12 18:17:50.874,10.10.1.21,64,1,3.781,success,5,

1.077
2025-08-12 18:17:50.885,10.10.1.40,64,1,3.769,success,5,

1.077
2025-08-12 18:17:50.998,Fast,256,1,timeout,failed,5,

1.077
2025-08-12 18:17:51.004,discovery,256,1,timeout,failed,5,

1.077
2025-08-12 18:17:51.010,(parallel,256,1,timeout,failed,5,

1.077
2025-08-12 18:17:51.016,scan)...,256,1,timeout,failed,5,

1.077
2025-08-12 18:17:51.021,Discovery,256,1,timeout,failed,5,

1.077
2025-08-12 18:17:51.027,completed,256,1,timeout,failed,5,

1.077
2025-08-12 18:17:51.034,in,256,1,timeout,failed,5,

1.077
2025-08-12 18:17:51.040,1.077s:,256,1,timeout,failed,5,

1.077
2025-08-12 18:17:51.046,10.10.1.28,256,1,4.112,success,5,

1.077
2025-08-12 18:17:51.057,10.10.1.21,256,1,3.993,success,5,

1.077
2025-08-12 18:17:51.069,10.10.1.40,256,1,3.916,success,5,

1.077
2025-08-12 18:17:51.080,10.10.1.28,256,1,4.097,success,5,

1.077
2025-08-12 18:17:51.091,10.10.1.21,256,1,4.042,success,5,

1.077
2025-08-12 18:17:51.103,10.10.1.40,256,1,4.090,success,5,

1.077
2025-08-12 18:17:51.216,Fast,512,1,timeout,failed,5,

1.077
2025-08-12 18:17:51.222,discovery,512,1,timeout,failed,5,

1.077
2025-08-12 18:17:51.229,(parallel,512,1,timeout,failed,5,

1.077
2025-08-12 18:17:51.234,scan)...,512,1,timeout,failed,5,

1.077
2025-08-12 18:17:51.239,Discovery,512,1,timeout,failed,5,

1.077
2025-08-12 18:17:51.245,completed,512,1,timeout,failed,5,

1.077
2025-08-12 18:17:51.252,in,512,1,timeout,failed,5,

1.077
2025-08-12 18:17:51.258,1.077s:,512,1,timeout,failed,5,

1.077
2025-08-12 18:17:51.263,10.10.1.28,512,1,4.166,success,5,

1.077
2025-08-12 18:17:51.275,10.10.1.21,512,1,4.088,success,5,

1.077
2025-08-12 18:17:51.286,10.10.1.40,512,1,4.112,success,5,

1.077
2025-08-12 18:17:51.298,10.10.1.28,512,1,4.120,success,5,

1.077
2025-08-12 18:17:51.310,10.10.1.21,512,1,3.767,success,5,

1.077
2025-08-12 18:17:51.321,10.10.1.40,512,1,3.958,success,5,

1.077
2025-08-12 18:18:15.553,Fast,64,1,timeout,failed,6,

1.076
2025-08-12 18:18:15.560,discovery,64,1,timeout,failed,6,

1.076
2025-08-12 18:18:15.566,(parallel,64,1,timeout,failed,6,

1.076
2025-08-12 18:18:15.571,scan)...,64,1,timeout,failed,6,

1.076
2025-08-12 18:18:15.577,Discovery,64,1,timeout,failed,6,

1.076
2025-08-12 18:18:15.583,completed,64,1,timeout,failed,6,

1.076
2025-08-12 18:18:15.590,in,64,1,timeout,failed,6,

1.076
2025-08-12 18:18:15.596,1.076s:,64,1,timeout,failed,6,

1.076
2025-08-12 18:18:15.602,10.10.1.30,64,1,3.692,success,6,

1.076
2025-08-12 18:18:15.612,10.10.1.47,64,1,3.704,success,6,

1.076
2025-08-12 18:18:15.623,10.10.1.45,64,1,3.817,success,6,

1.076
2025-08-12 18:18:15.635,10.10.1.30,64,1,3.738,success,6,

1.076
2025-08-12 18:18:15.646,10.10.1.47,64,1,3.716,success,6,

1.076
2025-08-12 18:18:15.657,10.10.1.45,64,1,3.708,success,6,

1.076
2025-08-12 18:18:15.770,Fast,256,1,timeout,failed,6,

1.076
2025-08-12 18:18:15.776,discovery,256,1,timeout,failed,6,

1.076
2025-08-12 18:18:15.782,(parallel,256,1,timeout,failed,6,

1.076
2025-08-12 18:18:15.788,scan)...,256,1,timeout,failed,6,

1.076
2025-08-12 18:18:15.793,Discovery,256,1,timeout,failed,6,

1.076
2025-08-12 18:18:15.800,completed,256,1,timeout,failed,6,

1.076
2025-08-12 18:18:15.806,in,256,1,timeout,failed,6,

1.076
2025-08-12 18:18:15.813,1.076s:,256,1,timeout,failed,6,

1.076
2025-08-12 18:18:15.818,10.10.1.30,256,1,4.140,success,6,

1.076
2025-08-12 18:18:15.829,10.10.1.47,256,1,4.032,success,6,

1.076
2025-08-12 18:18:15.841,10.10.1.45,256,1,3.980,success,6,

1.076
2025-08-12 18:18:15.852,10.10.1.30,256,1,4.007,success,6,

1.076
2025-08-12 18:18:15.864,10.10.1.47,256,1,4.121,success,6,

1.076
2025-08-12 18:18:15.875,10.10.1.45,256,1,4.358,success,6,

1.076
2025-08-12 18:18:15.989,Fast,512,1,timeout,failed,6,

1.076
2025-08-12 18:18:15.995,discovery,512,1,timeout,failed,6,

1.076
2025-08-12 18:18:16.002,(parallel,512,1,timeout,failed,6,

1.076
2025-08-12 18:18:16.007,scan)...,512,1,timeout,failed,6,

1.076
2025-08-12 18:18:16.012,Discovery,512,1,timeout,failed,6,

1.076
2025-08-12 18:18:16.019,completed,512,1,timeout,failed,6,

1.076
2025-08-12 18:18:16.025,in,512,1,timeout,failed,6,

1.076
2025-08-12 18:18:16.032,1.076s:,512,1,timeout,failed,6,

1.076
2025-08-12 18:18:16.037,10.10.1.30,512,1,4.025,success,6,

1.076
2025-08-12 18:18:16.049,10.10.1.47,512,1,3.971,success,6,

1.076
2025-08-12 18:18:16.060,10.10.1.45,512,1,4.030,success,6,

1.076
2025-08-12 18:18:16.071,10.10.1.30,512,1,4.255,success,6,

1.076
2025-08-12 18:18:16.083,10.10.1.47,512,1,3.632,success,6,

1.076
2025-08-12 18:18:16.094,10.10.1.45,512,1,4.139,success,6,

1.076
2025-08-12 18:18:40.325,Fast,64,1,timeout,failed,7,

1.075
2025-08-12 18:18:40.332,discovery,64,1,timeout,failed,7,

1.075
2025-08-12 18:18:40.338,(parallel,64,1,timeout,failed,7,

1.075
2025-08-12 18:18:40.343,scan)...,64,1,timeout,failed,7,

1.075
2025-08-12 18:18:40.348,Discovery,64,1,timeout,failed,7,

1.075
2025-08-12 18:18:40.355,completed,64,1,timeout,failed,7,

1.075
2025-08-12 18:18:40.361,in,64,1,timeout,failed,7,

1.075
2025-08-12 18:18:40.368,1.075s:,64,1,timeout,failed,7,

1.075
2025-08-12 18:18:40.373,10.10.1.21,64,1,3.823,success,7,

1.075
2025-08-12 18:18:40.384,10.10.1.33,64,1,3.775,success,7,

1.075
2025-08-12 18:18:40.395,10.10.1.49,64,1,3.829,success,7,

1.075
2025-08-12 18:18:40.406,10.10.1.21,64,1,3.813,success,7,

1.075
2025-08-12 18:18:40.418,10.10.1.33,64,1,3.711,success,7,

1.075
2025-08-12 18:18:40.429,10.10.1.49,64,1,3.684,success,7,

1.075
2025-08-12 18:18:40.542,Fast,256,1,timeout,failed,7,

1.075
2025-08-12 18:18:40.548,discovery,256,1,timeout,failed,7,

1.075
2025-08-12 18:18:40.554,(parallel,256,1,timeout,failed,7,

1.075
2025-08-12 18:18:40.560,scan)...,256,1,timeout,failed,7,

1.075
2025-08-12 18:18:40.565,Discovery,256,1,timeout,failed,7,

1.075
2025-08-12 18:18:40.571,completed,256,1,timeout,failed,7,

1.075
2025-08-12 18:18:40.578,in,256,1,timeout,failed,7,

1.075
2025-08-12 18:18:40.584,1.075s:,256,1,timeout,failed,7,

1.075
2025-08-12 18:18:40.590,10.10.1.21,256,1,3.908,success,7,

1.075
2025-08-12 18:18:40.601,10.10.1.33,256,1,4.125,success,7,

1.075
2025-08-12 18:18:40.612,10.10.1.49,256,1,4.041,success,7,

1.075
2025-08-12 18:18:40.624,10.10.1.21,256,1,4.209,success,7,

1.075
2025-08-12 18:18:40.636,10.10.1.33,256,1,4.183,success,7,

1.075
2025-08-12 18:18:40.647,10.10.1.49,256,1,4.134,success,7,

1.075
2025-08-12 18:18:40.760,Fast,512,1,timeout,failed,7,

1.075
2025-08-12 18:18:40.766,discovery,512,1,timeout,failed,7,

1.075
2025-08-12 18:18:40.773,(parallel,512,1,timeout,failed,7,

1.075
2025-08-12 18:18:40.778,scan)...,512,1,timeout,failed,7,

1.075
2025-08-12 18:18:40.783,Discovery,512,1,timeout,failed,7,

1.075
2025-08-12 18:18:40.790,completed,512,1,timeout,failed,7,

1.075
2025-08-12 18:18:40.796,in,512,1,timeout,failed,7,

1.075
2025-08-12 18:18:40.803,1.075s:,512,1,timeout,failed,7,

1.075
2025-08-12 18:18:40.808,10.10.1.21,512,1,4.143,success,7,

1.075
2025-08-12 18:18:40.820,10.10.1.33,512,1,4.079,success,7,

1.075
2025-08-12 18:18:40.832,10.10.1.49,512,1,4.430,success,7,

1.075
2025-08-12 18:18:40.843,10.10.1.21,512,1,3.710,success,7,

1.075
2025-08-12 18:18:40.855,10.10.1.33,512,1,4.447,success,7,

1.075
2025-08-12 18:18:40.866,10.10.1.49,512,1,4.194,success,7,

1.075
2025-08-12 18:19:05.099,Fast,64,1,timeout,failed,8,

1.076
2025-08-12 18:19:05.106,discovery,64,1,timeout,failed,8,

1.076
2025-08-12 18:19:05.112,(parallel,64,1,timeout,failed,8,

1.076
2025-08-12 18:19:05.117,scan)...,64,1,timeout,failed,8,

1.076
2025-08-12 18:19:05.122,Discovery,64,1,timeout,failed,8,

1.076
2025-08-12 18:19:05.129,completed,64,1,timeout,failed,8,

1.076
2025-08-12 18:19:05.135,in,64,1,timeout,failed,8,

1.076
2025-08-12 18:19:05.142,1.076s:,64,1,timeout,failed,8,

1.076
2025-08-12 18:19:05.147,10.10.1.30,64,1,3.727,success,8,

1.076
2025-08-12 18:19:05.158,10.10.1.24,64,1,3.929,success,8,

1.076
2025-08-12 18:19:05.169,10.10.1.37,64,1,3.665,success,8,

1.076
2025-08-12 18:19:05.180,10.10.1.30,64,1,3.764,success,8,

1.076
2025-08-12 18:19:05.191,10.10.1.24,64,1,3.780,success,8,

1.076
2025-08-12 18:19:05.202,10.10.1.37,64,1,3.778,success,8,

1.076
2025-08-12 18:19:05.315,Fast,256,1,timeout,failed,8,

1.076
2025-08-12 18:19:05.321,discovery,256,1,timeout,failed,8,

1.076
2025-08-12 18:19:05.328,(parallel,256,1,timeout,failed,8,

1.076
2025-08-12 18:19:05.333,scan)...,256,1,timeout,failed,8,

1.076
2025-08-12 18:19:05.338,Discovery,256,1,timeout,failed,8,

1.076
2025-08-12 18:19:05.344,completed,256,1,timeout,failed,8,

1.076
2025-08-12 18:19:05.351,in,256,1,timeout,failed,8,

1.076
2025-08-12 18:19:05.357,1.076s:,256,1,timeout,failed,8,

1.076
2025-08-12 18:19:05.362,10.10.1.30,256,1,4.329,success,8,

1.076
2025-08-12 18:19:05.374,10.10.1.24,256,1,4.018,success,8,

1.076
2025-08-12 18:19:05.385,10.10.1.37,256,1,3.774,success,8,

1.076
2025-08-12 18:19:05.396,10.10.1.30,256,1,4.180,success,8,

1.076
2025-08-12 18:19:05.408,10.10.1.24,256,1,4.048,success,8,

1.076
2025-08-12 18:19:05.419,10.10.1.37,256,1,4.195,success,8,

1.076
2025-08-12 18:19:05.533,Fast,512,1,timeout,failed,8,

1.076
2025-08-12 18:19:05.539,discovery,512,1,timeout,failed,8,

1.076
2025-08-12 18:19:05.545,(parallel,512,1,timeout,failed,8,

1.076
2025-08-12 18:19:05.551,scan)...,512,1,timeout,failed,8,

1.076
2025-08-12 18:19:05.556,Discovery,512,1,timeout,failed,8,

1.076
2025-08-12 18:19:05.562,completed,512,1,timeout,failed,8,

1.076
2025-08-12 18:19:05.568,in,512,1,timeout,failed,8,

1.076
2025-08-12 18:19:05.575,1.076s:,512,1,timeout,failed,8,

1.076
2025-08-12 18:19:05.580,10.10.1.30,512,1,3.917,success,8,

1.076
2025-08-12 18:19:05.591,10.10.1.24,512,1,4.086,success,8,

1.076
2025-08-12 18:19:05.603,10.10.1.37,512,1,4.357,success,8,

1.076
2025-08-12 18:19:05.614,10.10.1.30,512,1,4.139,success,8,

1.076
2025-08-12 18:19:05.626,10.10.1.24,512,1,4.307,success,8,

1.076
2025-08-12 18:19:05.637,10.10.1.37,512,1,4.034,success,8,

1.076
2025-08-12 18:19:29.869,Fast,64,1,timeout,failed,9,

1.076
2025-08-12 18:19:29.875,discovery,64,1,timeout,failed,9,

1.076
2025-08-12 18:19:29.882,(parallel,64,1,timeout,failed,9,

1.076
2025-08-12 18:19:29.887,scan)...,64,1,timeout,failed,9,

1.076
2025-08-12 18:19:29.892,Discovery,64,1,timeout,failed,9,

1.076
2025-08-12 18:19:29.899,completed,64,1,timeout,failed,9,

1.076
2025-08-12 18:19:29.905,in,64,1,timeout,failed,9,

1.076
2025-08-12 18:19:29.912,1.076s:,64,1,timeout,failed,9,

1.076
2025-08-12 18:19:29.917,10.10.1.24,64,1,3.798,success,9,

1.076
2025-08-12 18:19:29.928,10.10.1.40,64,1,3.750,success,9,

1.076
2025-08-12 18:19:29.939,10.10.1.48,64,1,3.729,success,9,

1.076
2025-08-12 18:19:29.950,10.10.1.24,64,1,3.691,success,9,

1.076
2025-08-12 18:19:29.961,10.10.1.40,64,1,3.718,success,9,

1.076
2025-08-12 18:19:29.972,10.10.1.48,64,1,3.721,success,9,

1.076
2025-08-12 18:19:30.085,Fast,256,1,timeout,failed,9,

1.076
2025-08-12 18:19:30.091,discovery,256,1,timeout,failed,9,

1.076
2025-08-12 18:19:30.098,(parallel,256,1,timeout,failed,9,

1.076
2025-08-12 18:19:30.103,scan)...,256,1,timeout,failed,9,

1.076
2025-08-12 18:19:30.108,Discovery,256,1,timeout,failed,9,

1.076
2025-08-12 18:19:30.114,completed,256,1,timeout,failed,9,

1.076
2025-08-12 18:19:30.121,in,256,1,timeout,failed,9,

1.076
2025-08-12 18:19:30.127,1.076s:,256,1,timeout,failed,9,

1.076
2025-08-12 18:19:30.132,10.10.1.24,256,1,4.348,success,9,

1.076
2025-08-12 18:19:30.144,10.10.1.40,256,1,4.054,success,9,

1.076
2025-08-12 18:19:30.155,10.10.1.48,256,1,4.331,success,9,

1.076
2025-08-12 18:19:30.167,10.10.1.24,256,1,4.220,success,9,

1.076
2025-08-12 18:19:30.179,10.10.1.40,256,1,4.098,success,9,

1.076
2025-08-12 18:19:30.190,10.10.1.48,256,1,4.008,success,9,

1.076
2025-08-12 18:19:30.303,Fast,512,1,timeout,failed,9,

1.076
2025-08-12 18:19:30.310,discovery,512,1,timeout,failed,9,

1.076
2025-08-12 18:19:30.316,(parallel,512,1,timeout,failed,9,

1.076
2025-08-12 18:19:30.322,scan)...,512,1,timeout,failed,9,

1.076
2025-08-12 18:19:30.327,Discovery,512,1,timeout,failed,9,

1.076
2025-08-12 18:19:30.333,completed,512,1,timeout,failed,9,

1.076
2025-08-12 18:19:30.340,in,512,1,timeout,failed,9,

1.076
2025-08-12 18:19:30.346,1.076s:,512,1,timeout,failed,9,

1.076
2025-08-12 18:19:30.351,10.10.1.24,512,1,4.018,success,9,

1.076
2025-08-12 18:19:30.363,10.10.1.40,512,1,4.034,success,9,

1.076
2025-08-12 18:19:30.374,10.10.1.48,512,1,4.113,success,9,

1.076
2025-08-12 18:19:30.385,10.10.1.24,512,1,4.030,success,9,

1.076
2025-08-12 18:19:30.397,10.10.1.40,512,1,4.011,success,9,

1.076
2025-08-12 18:19:30.408,10.10.1.48,512,1,4.173,success,9,

1.076
2025-08-12 18:19:54.637,Fast,64,1,timeout,failed,10,

1.073
2025-08-12 18:19:54.644,discovery,64,1,timeout,failed,10,

1.073
2025-08-12 18:19:54.650,(parallel,64,1,timeout,failed,10,

1.073
2025-08-12 18:19:54.655,scan)...,64,1,timeout,failed,10,

1.073
2025-08-12 18:19:54.660,Discovery,64,1,timeout,failed,10,

1.073
2025-08-12 18:19:54.667,completed,64,1,timeout,failed,10,

1.073
2025-08-12 18:19:54.673,in,64,1,timeout,failed,10,

1.073
2025-08-12 18:19:54.679,1.073s:,64,1,timeout,failed,10,

1.073
2025-08-12 18:19:54.684,10.10.1.24,64,1,3.796,success,10,

1.073
2025-08-12 18:19:54.695,10.10.1.40,64,1,3.858,success,10,

1.073
2025-08-12 18:19:54.706,10.10.1.48,64,1,3.660,success,10,

1.073
2025-08-12 18:19:54.718,10.10.1.24,64,1,3.659,success,10,

1.073
2025-08-12 18:19:54.728,10.10.1.40,64,1,3.733,success,10,

1.073
2025-08-12 18:19:54.739,10.10.1.48,64,1,3.780,success,10,

1.073
2025-08-12 18:19:54.852,Fast,256,1,timeout,failed,10,

1.073
2025-08-12 18:19:54.858,discovery,256,1,timeout,failed,10,

1.073
2025-08-12 18:19:54.865,(parallel,256,1,timeout,failed,10,

1.073
2025-08-12 18:19:54.870,scan)...,256,1,timeout,failed,10,

1.073
2025-08-12 18:19:54.875,Discovery,256,1,timeout,failed,10,

1.073
2025-08-12 18:19:54.881,completed,256,1,timeout,failed,10,

1.073
2025-08-12 18:19:54.888,in,256,1,timeout,failed,10,

1.073
2025-08-12 18:19:54.894,1.073s:,256,1,timeout,failed,10,

1.073
2025-08-12 18:19:54.899,10.10.1.24,256,1,4.130,success,10,

1.073
2025-08-12 18:19:54.910,10.10.1.40,256,1,4.090,success,10,

1.073
2025-08-12 18:19:54.922,10.10.1.48,256,1,4.030,success,10,

1.073
2025-08-12 18:19:54.933,10.10.1.24,256,1,4.321,success,10,

1.073
2025-08-12 18:19:54.945,10.10.1.40,256,1,4.049,success,10,

1.073
2025-08-12 18:19:54.956,10.10.1.48,256,1,3.781,success,10,

1.073
2025-08-12 18:19:55.069,Fast,512,1,timeout,failed,10,

1.073
2025-08-12 18:19:55.075,discovery,512,1,timeout,failed,10,

1.073
2025-08-12 18:19:55.082,(parallel,512,1,timeout,failed,10,

1.073
2025-08-12 18:19:55.087,scan)...,512,1,timeout,failed,10,

1.073
2025-08-12 18:19:55.093,Discovery,512,1,timeout,failed,10,

1.073
2025-08-12 18:19:55.099,completed,512,1,timeout,failed,10,

1.073
2025-08-12 18:19:55.105,in,512,1,timeout,failed,10,

1.073
2025-08-12 18:19:55.111,1.073s:,512,1,timeout,failed,10,

1.073
2025-08-12 18:19:55.117,10.10.1.24,512,1,3.964,success,10,

1.073
2025-08-12 18:19:55.128,10.10.1.40,512,1,4.245,success,10,

1.073
2025-08-12 18:19:55.139,10.10.1.48,512,1,4.043,success,10,

1.073
2025-08-12 18:19:55.151,10.10.1.24,512,1,4.370,success,10,

1.073
2025-08-12 18:19:55.162,10.10.1.40,512,1,4.099,success,10,

1.073
2025-08-12 18:19:55.174,10.10.1.48,512,1,4.088,success,10,

1.073
