timestamp,virtual_ip,packet_size,response_time_ms,status,epoch_id
2025-08-12 18:57:09.103,10.10.1.23,64,5.965,success,1
2025-08-12 18:57:09.116,10.10.1.44,64,4.005,success,1
2025-08-12 18:57:09.127,10.10.1.47,64,3.644,success,1
2025-08-12 18:57:09.138,10.10.1.23,256,6.846,success,1
2025-08-12 18:57:09.152,10.10.1.44,256,4.047,success,1
2025-08-12 18:57:09.163,10.10.1.47,256,4.293,success,1
2025-08-12 18:57:09.175,10.10.1.23,512,5.964,success,1
2025-08-12 18:57:09.188,10.10.1.44,512,4.075,success,1
2025-08-12 18:57:09.200,10.10.1.47,512,4.180,success,1
2025-08-12 18:57:34.320,10.10.1.22,64,3.864,success,2
2025-08-12 18:57:34.331,10.10.1.27,64,3.815,success,2
2025-08-12 18:57:34.342,10.10.1.36,64,5.791,success,2
2025-08-12 18:57:34.355,10.10.1.22,256,5.277,success,2
2025-08-12 18:57:34.368,10.10.1.27,256,4.045,success,2
2025-08-12 18:57:34.379,10.10.1.36,256,6.090,success,2
2025-08-12 18:57:34.393,10.10.1.22,512,4.029,success,2
2025-08-12 18:57:34.404,10.10.1.27,512,3.614,success,2
2025-08-12 18:57:34.415,10.10.1.36,512,6.162,success,2
2025-08-12 18:57:59.537,10.10.1.23,64,6.713,success,3
2025-08-12 18:57:59.551,10.10.1.25,64,3.817,success,3
2025-08-12 18:57:59.562,10.10.1.42,64,3.603,success,3
2025-08-12 18:57:59.573,10.10.1.23,256,6.815,success,3
2025-08-12 18:57:59.587,10.10.1.25,256,4.050,success,3
2025-08-12 18:57:59.599,10.10.1.42,256,4.163,success,3
2025-08-12 18:57:59.610,10.10.1.23,512,5.922,success,3
2025-08-12 18:57:59.623,10.10.1.25,512,3.989,success,3
2025-08-12 18:57:59.634,10.10.1.42,512,3.984,success,3
2025-08-12 18:58:24.755,10.10.1.20,64,3.795,success,4
2025-08-12 18:58:24.766,10.10.1.30,64,5.825,success,4
2025-08-12 18:58:24.779,10.10.1.46,64,3.627,success,4
2025-08-12 18:58:24.790,10.10.1.20,256,4.026,success,4
2025-08-12 18:58:24.801,10.10.1.30,256,6.827,success,4
2025-08-12 18:58:24.815,10.10.1.46,256,4.030,success,4
2025-08-12 18:58:24.827,10.10.1.20,512,3.950,success,4
2025-08-12 18:58:24.838,10.10.1.30,512,6.044,success,4
2025-08-12 18:58:24.852,10.10.1.46,512,3.845,success,4
2025-08-12 18:58:49.978,10.10.1.20,64,timeout,failed,5
2025-08-12 18:58:52.989,10.10.1.30,64,timeout,failed,5
2025-08-12 18:58:55.995,10.10.1.46,64,timeout,failed,5
2025-08-12 18:58:59.002,10.10.1.20,256,timeout,failed,5
2025-08-12 18:59:02.009,10.10.1.30,256,timeout,failed,5
2025-08-12 18:59:05.015,10.10.1.46,256,timeout,failed,5
2025-08-12 18:59:08.021,10.10.1.20,512,timeout,failed,5
2025-08-12 18:59:11.027,10.10.1.30,512,timeout,failed,5
2025-08-12 18:59:14.033,10.10.1.46,512,timeout,failed,5
2025-08-12 18:59:19.145,10.10.1.21,64,3.902,success,6
2025-08-12 18:59:19.156,10.10.1.26,64,3.792,success,6
2025-08-12 18:59:19.167,10.10.1.34,64,5.716,success,6
2025-08-12 18:59:19.181,10.10.1.21,256,4.004,success,6
2025-08-12 18:59:19.192,10.10.1.26,256,3.950,success,6
2025-08-12 18:59:19.203,10.10.1.34,256,5.997,success,6
2025-08-12 18:59:19.217,10.10.1.21,512,4.110,success,6
2025-08-12 18:59:19.228,10.10.1.26,512,3.947,success,6
2025-08-12 18:59:19.240,10.10.1.34,512,6.043,success,6
2025-08-12 18:59:44.362,10.10.1.29,64,6.109,success,7
2025-08-12 18:59:44.376,10.10.1.40,64,3.719,success,7
2025-08-12 18:59:44.388,10.10.1.45,64,3.754,success,7
2025-08-12 18:59:44.399,10.10.1.29,256,5.930,success,7
2025-08-12 18:59:44.412,10.10.1.40,256,3.951,success,7
2025-08-12 18:59:44.423,10.10.1.45,256,3.658,success,7
2025-08-12 18:59:44.434,10.10.1.29,512,6.524,success,7
2025-08-12 18:59:44.448,10.10.1.40,512,4.070,success,7
2025-08-12 18:59:44.460,10.10.1.45,512,4.079,success,7
2025-08-12 19:00:09.581,10.10.1.21,64,6.350,success,8
2025-08-12 19:00:09.594,10.10.1.29,64,3.803,success,8
2025-08-12 19:00:09.605,10.10.1.32,64,3.663,success,8
2025-08-12 19:00:09.617,10.10.1.21,256,6.638,success,8
2025-08-12 19:00:09.630,10.10.1.29,256,4.197,success,8
2025-08-12 19:00:09.642,10.10.1.32,256,3.840,success,8
2025-08-12 19:00:09.653,10.10.1.21,512,6.682,success,8
2025-08-12 19:00:09.667,10.10.1.29,512,4.157,success,8
2025-08-12 19:00:09.679,10.10.1.32,512,3.992,success,8
2025-08-12 19:00:34.799,10.10.1.27,64,3.881,success,9
2025-08-12 19:00:34.811,10.10.1.31,64,6.355,success,9
2025-08-12 19:00:34.824,10.10.1.37,64,3.731,success,9
2025-08-12 19:00:34.835,10.10.1.27,256,4.051,success,9
2025-08-12 19:00:34.847,10.10.1.31,256,6.720,success,9
2025-08-12 19:00:34.861,10.10.1.37,256,4.601,success,9
2025-08-12 19:00:34.873,10.10.1.27,512,3.967,success,9
2025-08-12 19:00:34.884,10.10.1.31,512,6.724,success,9
2025-08-12 19:00:34.898,10.10.1.37,512,4.107,success,9
2025-08-12 19:01:00.019,10.10.1.30,64,5.621,success,10
2025-08-12 19:01:00.032,10.10.1.32,64,3.830,success,10
2025-08-12 19:01:00.044,10.10.1.40,64,3.813,success,10
2025-08-12 19:01:00.055,10.10.1.30,256,6.076,success,10
2025-08-12 19:01:00.069,10.10.1.32,256,4.118,success,10
2025-08-12 19:01:00.080,10.10.1.40,256,3.580,success,10
2025-08-12 19:01:00.091,10.10.1.30,512,6.072,success,10
2025-08-12 19:01:00.104,10.10.1.32,512,4.079,success,10
2025-08-12 19:01:00.116,10.10.1.40,512,4.069,success,10
2025-08-12 19:01:25.235,10.10.1.42,64,5.792,success,11
2025-08-12 19:01:25.248,10.10.1.43,64,3.568,success,11
2025-08-12 19:01:25.258,10.10.1.46,64,3.678,success,11
2025-08-12 19:01:25.269,10.10.1.42,256,6.754,success,11
2025-08-12 19:01:25.283,10.10.1.43,256,4.001,success,11
2025-08-12 19:01:25.295,10.10.1.46,256,4.171,success,11
2025-08-12 19:01:25.306,10.10.1.42,512,6.666,success,11
2025-08-12 19:01:25.320,10.10.1.43,512,3.992,success,11
2025-08-12 19:01:25.331,10.10.1.46,512,4.138,success,11
2025-08-12 19:01:50.451,10.10.1.42,64,5.787,success,12
2025-08-12 19:01:50.465,10.10.1.43,64,3.773,success,12
2025-08-12 19:01:50.476,10.10.1.46,64,3.710,success,12
2025-08-12 19:01:50.487,10.10.1.42,256,6.189,success,12
2025-08-12 19:01:50.500,10.10.1.43,256,3.969,success,12
2025-08-12 19:01:50.511,10.10.1.46,256,4.070,success,12
2025-08-12 19:01:50.523,10.10.1.42,512,6.029,success,12
2025-08-12 19:01:50.536,10.10.1.43,512,3.900,success,12
2025-08-12 19:01:50.547,10.10.1.46,512,3.987,success,12
2025-08-12 19:02:15.667,10.10.1.26,64,3.750,success,13
2025-08-12 19:02:15.678,10.10.1.30,64,6.127,success,13
2025-08-12 19:02:15.692,10.10.1.35,64,3.964,success,13
2025-08-12 19:02:15.703,10.10.1.26,256,4.094,success,13
2025-08-12 19:02:15.714,10.10.1.30,256,5.998,success,13
2025-08-12 19:02:15.727,10.10.1.35,256,4.009,success,13
2025-08-12 19:02:15.739,10.10.1.26,512,4.019,success,13
2025-08-12 19:02:15.750,10.10.1.30,512,6.106,success,13
2025-08-12 19:02:15.764,10.10.1.35,512,4.370,success,13
2025-08-12 19:02:40.884,10.10.1.21,64,5.786,success,14
2025-08-12 19:02:40.897,10.10.1.32,64,3.568,success,14
2025-08-12 19:02:40.908,10.10.1.41,64,3.719,success,14
2025-08-12 19:02:40.919,10.10.1.21,256,5.957,success,14
2025-08-12 19:02:40.933,10.10.1.32,256,3.960,success,14
2025-08-12 19:02:40.944,10.10.1.41,256,4.019,success,14
2025-08-12 19:02:40.955,10.10.1.21,512,6.027,success,14
2025-08-12 19:02:40.969,10.10.1.32,512,3.927,success,14
2025-08-12 19:02:40.980,10.10.1.41,512,4.148,success,14
2025-08-12 19:03:06.099,10.10.1.25,64,3.812,success,15
2025-08-12 19:03:06.110,10.10.1.26,64,5.916,success,15
2025-08-12 19:03:06.123,10.10.1.48,64,3.716,success,15
2025-08-12 19:03:06.134,10.10.1.25,256,3.921,success,15
2025-08-12 19:03:06.146,10.10.1.26,256,6.738,success,15
2025-08-12 19:03:06.160,10.10.1.48,256,4.031,success,15
2025-08-12 19:03:06.171,10.10.1.25,512,4.040,success,15
2025-08-12 19:03:06.182,10.10.1.26,512,5.907,success,15
2025-08-12 19:03:06.195,10.10.1.48,512,3.961,success,15
2025-08-12 19:03:31.315,10.10.1.21,64,3.840,success,16
2025-08-12 19:03:31.326,10.10.1.46,64,6.340,success,16
2025-08-12 19:03:31.339,10.10.1.47,64,3.732,success,16
2025-08-12 19:03:31.351,10.10.1.21,256,4.088,success,16
2025-08-12 19:03:31.362,10.10.1.46,256,6.197,success,16
2025-08-12 19:03:31.376,10.10.1.47,256,3.734,success,16
2025-08-12 19:03:31.387,10.10.1.21,512,4.019,success,16
2025-08-12 19:03:31.398,10.10.1.46,512,6.043,success,16
2025-08-12 19:03:31.412,10.10.1.47,512,4.060,success,16
2025-08-12 19:03:56.533,10.10.1.21,64,timeout,failed,17
2025-08-12 19:03:59.540,10.10.1.46,64,3.796,success,17
2025-08-12 19:03:59.551,10.10.1.47,64,timeout,failed,17
2025-08-12 19:04:02.557,10.10.1.21,256,timeout,failed,17
2025-08-12 19:04:05.563,10.10.1.46,256,3.805,success,17
2025-08-12 19:04:05.574,10.10.1.47,256,timeout,failed,17
2025-08-12 19:04:08.580,10.10.1.21,512,timeout,failed,17
2025-08-12 19:04:11.585,10.10.1.46,512,3.982,success,17
2025-08-12 19:04:11.597,10.10.1.47,512,timeout,failed,17
2025-08-12 19:04:21.712,10.10.1.25,64,3.849,success,18
2025-08-12 19:04:21.723,10.10.1.31,64,5.758,success,18
2025-08-12 19:04:21.737,10.10.1.46,64,3.547,success,18
2025-08-12 19:04:21.747,10.10.1.25,256,4.021,success,18
2025-08-12 19:04:21.759,10.10.1.31,256,6.785,success,18
2025-08-12 19:04:21.773,10.10.1.46,256,4.260,success,18
2025-08-12 19:04:21.784,10.10.1.25,512,3.951,success,18
2025-08-12 19:04:21.796,10.10.1.31,512,6.092,success,18
2025-08-12 19:04:21.809,10.10.1.46,512,4.053,success,18
2025-08-12 19:04:46.931,10.10.1.27,64,5.781,success,19
2025-08-12 19:04:46.944,10.10.1.36,64,3.758,success,19
2025-08-12 19:04:46.955,10.10.1.41,64,3.606,success,19
2025-08-12 19:04:46.966,10.10.1.27,256,6.041,success,19
2025-08-12 19:04:46.980,10.10.1.36,256,3.988,success,19
2025-08-12 19:04:46.991,10.10.1.41,256,3.945,success,19
2025-08-12 19:04:47.002,10.10.1.27,512,5.971,success,19
2025-08-12 19:04:47.015,10.10.1.36,512,3.857,success,19
2025-08-12 19:04:47.027,10.10.1.41,512,3.955,success,19
2025-08-12 19:05:12.147,10.10.1.20,64,3.845,success,20
2025-08-12 19:05:12.158,10.10.1.41,64,5.784,success,20
2025-08-12 19:05:12.171,10.10.1.43,64,3.664,success,20
2025-08-12 19:05:12.182,10.10.1.20,256,3.956,success,20
2025-08-12 19:05:12.194,10.10.1.41,256,6.123,success,20
2025-08-12 19:05:12.207,10.10.1.43,256,4.021,success,20
2025-08-12 19:05:12.218,10.10.1.20,512,4.116,success,20
2025-08-12 19:05:12.230,10.10.1.41,512,5.785,success,20
2025-08-12 19:05:12.243,10.10.1.43,512,4.396,success,20
2025-08-12 19:05:37.365,10.10.1.24,64,3.817,success,21
2025-08-12 19:05:37.376,10.10.1.40,64,3.713,success,21
2025-08-12 19:05:37.387,10.10.1.46,64,5.805,success,21
2025-08-12 19:05:37.401,10.10.1.24,256,3.646,success,21
2025-08-12 19:05:37.411,10.10.1.40,256,3.971,success,21
2025-08-12 19:05:37.423,10.10.1.46,256,6.730,success,21
2025-08-12 19:05:37.437,10.10.1.24,512,4.156,success,21
2025-08-12 19:05:37.448,10.10.1.40,512,3.988,success,21
2025-08-12 19:05:37.460,10.10.1.46,512,5.688,success,21
2025-08-12 19:06:02.581,10.10.1.38,64,6.637,success,22
2025-08-12 19:06:02.595,10.10.1.47,64,3.718,success,22
2025-08-12 19:06:02.606,10.10.1.48,64,3.775,success,22
2025-08-12 19:06:02.618,10.10.1.38,256,5.925,success,22
2025-08-12 19:06:02.631,10.10.1.47,256,4.060,success,22
2025-08-12 19:06:02.642,10.10.1.48,256,4.161,success,22
2025-08-12 19:06:02.654,10.10.1.38,512,6.737,success,22
2025-08-12 19:06:02.668,10.10.1.47,512,4.160,success,22
2025-08-12 19:06:02.679,10.10.1.48,512,4.140,success,22
2025-08-12 19:06:27.800,10.10.1.38,64,5.821,success,23
2025-08-12 19:06:27.813,10.10.1.47,64,3.564,success,23
2025-08-12 19:06:27.824,10.10.1.48,64,3.678,success,23
2025-08-12 19:06:27.835,10.10.1.38,256,5.749,success,23
2025-08-12 19:06:27.848,10.10.1.47,256,4.151,success,23
2025-08-12 19:06:27.860,10.10.1.48,256,4.096,success,23
2025-08-12 19:06:27.871,10.10.1.38,512,6.053,success,23
2025-08-12 19:06:27.884,10.10.1.47,512,4.223,success,23
2025-08-12 19:06:27.896,10.10.1.48,512,3.682,success,23
2025-08-12 19:06:53.017,10.10.1.26,64,3.873,success,24
2025-08-12 19:06:53.028,10.10.1.30,64,3.737,success,24
2025-08-12 19:06:53.039,10.10.1.47,64,5.712,success,24
2025-08-12 19:06:53.052,10.10.1.26,256,4.313,success,24
2025-08-12 19:06:53.064,10.10.1.30,256,3.735,success,24
2025-08-12 19:06:53.075,10.10.1.47,256,6.048,success,24
2025-08-12 19:06:53.088,10.10.1.26,512,4.306,success,24
2025-08-12 19:06:53.100,10.10.1.30,512,4.063,success,24
2025-08-12 19:06:53.112,10.10.1.47,512,6.144,success,24
2025-08-12 19:07:18.234,10.10.1.24,64,5.995,success,25
2025-08-12 19:07:18.248,10.10.1.25,64,3.709,success,25
2025-08-12 19:07:18.259,10.10.1.36,64,3.787,success,25
2025-08-12 19:07:18.270,10.10.1.24,256,6.087,success,25
2025-08-12 19:07:18.283,10.10.1.25,256,3.978,success,25
2025-08-12 19:07:18.295,10.10.1.36,256,4.293,success,25
2025-08-12 19:07:18.306,10.10.1.24,512,6.998,success,25
2025-08-12 19:07:18.321,10.10.1.25,512,4.114,success,25
2025-08-12 19:07:18.332,10.10.1.36,512,4.050,success,25
2025-08-12 19:07:43.453,10.10.1.31,64,3.928,success,26
2025-08-12 19:07:43.464,10.10.1.34,64,3.868,success,26
2025-08-12 19:07:43.476,10.10.1.44,64,5.732,success,26
2025-08-12 19:07:43.489,10.10.1.31,256,4.032,success,26
2025-08-12 19:07:43.500,10.10.1.34,256,3.755,success,26
2025-08-12 19:07:43.511,10.10.1.44,256,5.736,success,26
2025-08-12 19:07:43.525,10.10.1.31,512,4.261,success,26
2025-08-12 19:07:43.536,10.10.1.34,512,4.060,success,26
2025-08-12 19:07:43.548,10.10.1.44,512,6.090,success,26
2025-08-12 19:08:08.672,10.10.1.36,64,3.815,success,27
2025-08-12 19:08:08.684,10.10.1.39,64,5.848,success,27
2025-08-12 19:08:08.697,10.10.1.46,64,3.809,success,27
2025-08-12 19:08:08.708,10.10.1.36,256,3.922,success,27
2025-08-12 19:08:08.719,10.10.1.39,256,5.529,success,27
2025-08-12 19:08:08.732,10.10.1.46,256,3.518,success,27
2025-08-12 19:08:08.743,10.10.1.36,512,4.267,success,27
2025-08-12 19:08:08.755,10.10.1.39,512,6.019,success,27
2025-08-12 19:08:08.769,10.10.1.46,512,4.269,success,27
2025-08-12 19:08:33.890,10.10.1.20,64,3.914,success,28
2025-08-12 19:08:33.901,10.10.1.26,64,3.669,success,28
2025-08-12 19:08:33.912,10.10.1.47,64,5.779,success,28
2025-08-12 19:08:33.925,10.10.1.20,256,3.959,success,28
2025-08-12 19:08:33.937,10.10.1.26,256,4.128,success,28
2025-08-12 19:08:33.948,10.10.1.47,256,6.109,success,28
2025-08-12 19:08:33.962,10.10.1.20,512,3.623,success,28
2025-08-12 19:08:33.973,10.10.1.26,512,4.160,success,28
2025-08-12 19:08:33.984,10.10.1.47,512,6.041,success,28
2025-08-12 19:08:59.107,10.10.1.20,64,3.788,success,29
2025-08-12 19:08:59.118,10.10.1.26,64,3.813,success,29
2025-08-12 19:08:59.129,10.10.1.47,64,6.375,success,29
2025-08-12 19:08:59.143,10.10.1.20,256,4.060,success,29
2025-08-12 19:08:59.154,10.10.1.26,256,4.023,success,29
2025-08-12 19:08:59.166,10.10.1.47,256,6.866,success,29
2025-08-12 19:08:59.180,10.10.1.20,512,3.772,success,29
2025-08-12 19:08:59.191,10.10.1.26,512,4.091,success,29
2025-08-12 19:08:59.203,10.10.1.47,512,6.774,success,29
2025-08-12 19:09:24.326,10.10.1.23,64,6.418,success,30
2025-08-12 19:09:24.340,10.10.1.32,64,3.751,success,30
2025-08-12 19:09:24.351,10.10.1.39,64,3.805,success,30
2025-08-12 19:09:24.363,10.10.1.23,256,6.707,success,30
2025-08-12 19:09:24.377,10.10.1.32,256,4.600,success,30
2025-08-12 19:09:24.389,10.10.1.39,256,4.013,success,30
2025-08-12 19:09:24.400,10.10.1.23,512,5.803,success,30
2025-08-12 19:09:24.413,10.10.1.32,512,4.013,success,30
2025-08-12 19:09:24.424,10.10.1.39,512,3.696,success,30
2025-08-12 19:09:49.545,10.10.1.31,64,6.421,success,31
2025-08-12 19:09:49.559,10.10.1.42,64,3.765,success,31
2025-08-12 19:09:49.570,10.10.1.47,64,3.747,success,31
2025-08-12 19:09:49.581,10.10.1.31,256,6.472,success,31
2025-08-12 19:09:49.595,10.10.1.42,256,4.081,success,31
2025-08-12 19:09:49.606,10.10.1.47,256,4.202,success,31
2025-08-12 19:09:49.618,10.10.1.31,512,6.200,success,31
2025-08-12 19:09:49.631,10.10.1.42,512,4.277,success,31
2025-08-12 19:09:49.643,10.10.1.47,512,4.007,success,31
2025-08-12 19:10:14.764,10.10.1.28,64,3.973,success,32
2025-08-12 19:10:14.776,10.10.1.36,64,5.731,success,32
2025-08-12 19:10:14.789,10.10.1.42,64,3.682,success,32
2025-08-12 19:10:14.800,10.10.1.28,256,3.979,success,32
2025-08-12 19:10:14.811,10.10.1.36,256,6.016,success,32
2025-08-12 19:10:14.824,10.10.1.42,256,4.009,success,32
2025-08-12 19:10:14.836,10.10.1.28,512,4.089,success,32
2025-08-12 19:10:14.847,10.10.1.36,512,6.189,success,32
2025-08-12 19:10:14.861,10.10.1.42,512,3.699,success,32
2025-08-12 19:10:39.982,10.10.1.31,64,3.792,success,33
2025-08-12 19:10:39.993,10.10.1.33,64,5.619,success,33
2025-08-12 19:10:40.006,10.10.1.39,64,3.706,success,33
2025-08-12 19:10:40.018,10.10.1.31,256,3.995,success,33
2025-08-12 19:10:40.029,10.10.1.33,256,6.829,success,33
2025-08-12 19:10:40.043,10.10.1.39,256,4.181,success,33
2025-08-12 19:10:40.055,10.10.1.31,512,4.002,success,33
2025-08-12 19:10:40.066,10.10.1.33,512,6.781,success,33
2025-08-12 19:10:40.080,10.10.1.39,512,4.105,success,33
2025-08-12 19:11:05.200,10.10.1.31,64,timeout,failed,34
2025-08-12 19:11:08.207,10.10.1.33,64,timeout,failed,34
2025-08-12 19:11:11.213,10.10.1.39,64,timeout,failed,34
2025-08-12 19:11:14.219,10.10.1.31,256,timeout,failed,34
2025-08-12 19:11:17.225,10.10.1.33,256,timeout,failed,34
2025-08-12 19:11:20.231,10.10.1.39,256,timeout,failed,34
2025-08-12 19:11:23.237,10.10.1.31,512,timeout,failed,34
2025-08-12 19:11:26.242,10.10.1.33,512,timeout,failed,34
2025-08-12 19:11:29.248,10.10.1.39,512,timeout,failed,34
2025-08-12 19:11:34.374,10.10.1.26,64,timeout,failed,35
2025-08-12 19:11:37.381,10.10.1.28,64,timeout,failed,35
2025-08-12 19:11:40.387,10.10.1.40,64,timeout,failed,35
2025-08-12 19:11:43.393,10.10.1.26,256,timeout,failed,35
2025-08-12 19:11:46.399,10.10.1.28,256,timeout,failed,35
2025-08-12 19:11:49.404,10.10.1.40,256,timeout,failed,35
2025-08-12 19:11:52.410,10.10.1.26,512,timeout,failed,35
2025-08-12 19:11:55.416,10.10.1.28,512,timeout,failed,35
2025-08-12 19:11:58.421,10.10.1.40,512,timeout,failed,35
2025-08-12 19:12:03.534,10.10.1.30,64,3.802,success,36
2025-08-12 19:12:03.545,10.10.1.31,64,3.974,success,36
2025-08-12 19:12:03.556,10.10.1.42,64,5.716,success,36
2025-08-12 19:12:03.570,10.10.1.30,256,3.946,success,36
2025-08-12 19:12:03.581,10.10.1.31,256,4.096,success,36
2025-08-12 19:12:03.592,10.10.1.42,256,6.513,success,36
2025-08-12 19:12:03.606,10.10.1.30,512,3.868,success,36
2025-08-12 19:12:03.617,10.10.1.31,512,3.932,success,36
2025-08-12 19:12:03.629,10.10.1.42,512,6.496,success,36
